<?xml version="1.0" encoding="UTF-8"?>
<project-private xmlns="http://www.netbeans.org/ns/project-private/1">
    <editor-bookmarks xmlns="http://www.netbeans.org/ns/editor-bookmarks/2" lastBookmarkId="0"/>
    <open-files xmlns="http://www.netbeans.org/ns/projectui-open-files/2">
        <group>
            <file>file:/home/freddycra/MEGA/Universidad/Año%20III%20Ciclo%20I/Progra_4/ProyectoPersonal/Progra4Personal/ProyectoP4/src/java/servicios/ServicioLogin.java</file>
            <file>file:/home/freddycra/MEGA/Universidad/Año%20III%20Ciclo%20I/Progra_4/ProyectoPersonal/Progra4Personal/ProyectoP4/web/loginOferente.jsp</file>
            <file>file:/home/freddycra/MEGA/Universidad/Año%20III%20Ciclo%20I/Progra_4/ProyectoPersonal/Progra4Personal/ProyectoP4/src/java/servicios/RegistroOferente.java</file>
            <file>file:/home/freddycra/MEGA/Universidad/Año%20III%20Ciclo%20I/Progra_4/ProyectoPersonal/Progra4Personal/ProyectoP4/web/MostrarOferentes.jsp</file>
            <file>file:/home/freddycra/MEGA/Universidad/Año%20III%20Ciclo%20I/Progra_4/ProyectoPersonal/Progra4Personal/ProyectoP4/web/Oferente.jsp</file>
        </group>
    </open-files>
</project-private>
